Subscription,Status,Snapshot,Error
az-core-prod-01,non-existent,RH_PGM011562_CHG0632805_20240722185023,
az-core-prod-01,non-existent,RH_pgm011801_CHG0632805_20240723182719,
az-core-prod-01,non-existent,RH_PATCH_CHG0632805_zpuwdvcoconfprd003,
az-core-prod-01,non-existent,RH__dgm011581_20240807214733,
az-core-prod-01,non-existent,RH_pgm0116ad_CHG0632805_20240723182803,
az-entapp-nonprod-01,valid,RH__dgm011570_20240807214733,
az-entapp-nonprod-01,deleted,RH__dgm011570_20240807214733,
az-core-nonprod-01,valid,RH__dgm011584_20240807214733,
az-core-nonprod-01,valid,RH__dgm011582_20240807214733,
az-core-nonprod-01,valid,RH__esns-dns-dev-admin-vm-dgm0114cf_20240807214733,
az-core-nonprod-01,valid,RH__dgm011583_20240807214733,
az-core-nonprod-01,valid,RH__esns-dns-dev-admin-vm-dgm0114d0_20240807214733,
az-core-nonprod-01,deleted,RH__dgm011582_20240807214733,
az-core-nonprod-01,deleted,RH__dgm011583_20240807214733,
az-core-nonprod-01,deleted,RH__esns-dns-dev-admin-vm-dgm0114cf_20240807214733,
az-core-nonprod-01,deleted,RH__esns-dns-dev-admin-vm-dgm0114d0_20240807214733,
az-core-nonprod-01,deleted,RH__dgm011584_20240807214733,
